{
    "wrapperType": "track",
    "kind": "song",
    "artistId": 70936,
    "collectionId": 251001680,
    "trackId": 251001724,
    "artistName": "Johnny Cash",
    "collectionName": "The Essential Johnny Cash",
    "trackName": "I Walk the Line",
    "collectionCensoredName": "The Essential Johnny Cash",
    "trackCensoredName": "I Walk the Line",
    "artistViewUrl": "https://music.apple.com/us/artist/johnny-cash/70936?uo=4",
    "collectionViewUrl": "https://music.apple.com/us/album/i-walk-the-line/251001680?i=251001724&uo=4",
    "trackViewUrl": "https://music.apple.com/us/album/i-walk-the-line/251001680?i=251001724&uo=4",
    "previewUrl": "https://audio-ssl.itunes.apple.com/itunes-assets/Music/c2/43/3e/mzi.biazyupo.aac.p.m4a",
    "artworkUrl30": "https://is2-ssl.mzstatic.com/image/thumb/Music3/v4/13/ae/73/13ae735e-33d0-1480-f51b-4150d4a45696/source/30x30bb.jpg",
    "artworkUrl60": "https://is2-ssl.mzstatic.com/image/thumb/Music3/v4/13/ae/73/13ae735e-33d0-1480-f51b-4150d4a45696/source/60x60bb.jpg",
    "artworkUrl100": "https://is2-ssl.mzstatic.com/image/thumb/Music3/v4/13/ae/73/13ae735e-33d0-1480-f51b-4150d4a45696/source/100x100bb.jpg",
    "collectionPrice": 14.99,
    "trackPrice": 0.99,
    "releaseDate": "1956-05-01T12:00:00Z",
    "collectionExplicitness": "notExplicit",
    "trackExplicitness": "notExplicit",
    "discCount": 2,
    "discNumber": 1,
    "trackCount": 18,
    "trackNumber": 3,
    "trackTimeMillis": 163867,
    "country": "USA",
    "currency": "USD",
    "primaryGenreName": "Country",
    "isStreamable": false
}