{
    "wrapperType": "track",
    "kind": "song",
    "artistId": 899409,
    "collectionId": 191450810,
    "trackId": 191450927,
    "artistName": "Rage Against the Machine",
    "collectionName": "Rage Against the Machine",
    "trackName": "Killing In the Name",
    "collectionCensoredName": "Rage Against the Machine",
    "trackCensoredName": "Killing In the Name",
    "artistViewUrl": "https://music.apple.com/us/artist/rage-against-the-machine/899409?uo=4",
    "collectionViewUrl": "https://music.apple.com/us/album/killing-in-the-name/191450810?i=191450927&uo=4",
    "trackViewUrl": "https://music.apple.com/us/album/killing-in-the-name/191450810?i=191450927&uo=4",
    "previewUrl": "https://audio-ssl.itunes.apple.com/itunes-assets/AudioPreview18/v4/d9/5c/73/d95c734e-2e5d-71ab-4746-fd7094557714/mzaf_7595543808086917352.plus.aac.p.m4a",
    "artworkUrl30": "https://is3-ssl.mzstatic.com/image/thumb/Music113/v4/c8/2c/46/c82c46dc-eab8-4b62-1381-c2fae3d9b7a0/source/30x30bb.jpg",
    "artworkUrl60": "https://is3-ssl.mzstatic.com/image/thumb/Music113/v4/c8/2c/46/c82c46dc-eab8-4b62-1381-c2fae3d9b7a0/source/60x60bb.jpg",
    "artworkUrl100": "https://is3-ssl.mzstatic.com/image/thumb/Music113/v4/c8/2c/46/c82c46dc-eab8-4b62-1381-c2fae3d9b7a0/source/100x100bb.jpg",
    "collectionPrice": 9.99,
    "trackPrice": 1.29,
    "releaseDate": "1992-11-02T08:00:00Z",
    "collectionExplicitness": "explicit",
    "trackExplicitness": "explicit",
    "discCount": 1,
    "discNumber": 1,
    "trackCount": 10,
    "trackNumber": 2,
    "trackTimeMillis": 313936,
    "country": "USA",
    "currency": "USD",
    "primaryGenreName": "Hard Rock",
    "contentAdvisoryRating": "Explicit",
    "isStreamable": true
}